,spot_eur_mwh,pv_kw,prozess_kw,netz_status_quo_kw,netz_optimiert_kw,kaelte_el_kw,temperatur_c,batterie_soc_kwh
2026-10-05 00:00:00,95.0,0.0,371.4,851.0,371.4,0.0,4.6,950.0
2026-10-05 01:00:00,96.8,0.0,473.4,938.8,679.8,206.3,5.5,950.0
2026-10-05 02:00:00,93.4,0.0,399.7,856.1,832.8,433.1,6.0,950.0
2026-10-05 03:00:00,89.9,0.0,431.7,885.0,1133.6,701.9,6.0,950.0
2026-10-05 04:00:00,93.5,0.0,418.6,875.0,1293.1,874.5,5.5,950.0
2026-10-05 05:00:00,93.1,0.0,402.4,867.7,1293.1,890.8,4.6,950.0
2026-10-05 06:00:00,104.5,0.0,1179.7,1799.4,1293.1,113.4,3.7,950.0
2026-10-05 07:00:00,117.9,86.0,975.2,1527.6,389.2,0.0,4.7,950.0
2026-10-05 08:00:00,108.5,234.0,937.9,1363.9,985.6,636.7,6.0,423.7
2026-10-05 09:00:00,101.8,403.2,943.9,1224.1,1200.8,660.0,6.0,50.0
2026-10-05 10:00:00,95.8,566.1,950.9,1091.4,1068.1,683.3,6.0,50.0
2026-10-05 11:00:00,79.9,700.3,997.1,1025.1,1045.4,705.0,6.0,50.0
2026-10-05 12:00:00,66.0,788.3,977.2,935.9,1293.1,900.0,6.0,91.5
2026-10-05 13:00:00,54.7,818.9,965.3,907.7,1293.1,900.0,5.6,285.5
2026-10-05 14:00:00,64.2,788.3,927.5,909.4,1293.1,900.0,5.3,519.9
2026-10-05 15:00:00,79.2,700.3,894.7,967.7,1293.1,900.0,5.0,761.2
2026-10-05 16:00:00,80.5,566.1,988.0,1192.1,1293.1,871.3,4.8,950.0
2026-10-05 17:00:00,101.0,403.2,988.7,1346.8,1293.1,707.6,4.5,950.0
2026-10-05 18:00:00,106.6,234.0,944.4,1457.3,1293.1,582.8,4.6,950.0
2026-10-05 19:00:00,116.9,86.0,971.7,1614.0,945.2,193.0,5.0,950.0
2026-10-05 20:00:00,108.4,0.0,981.3,1687.9,1293.1,683.3,6.0,809.5
2026-10-05 21:00:00,107.1,0.0,983.2,1666.6,1293.1,660.0,6.0,418.5
2026-10-05 22:00:00,92.4,0.0,636.9,1156.9,1293.1,656.3,6.0,50.0
2026-10-05 23:00:00,97.9,0.0,401.8,900.1,720.9,319.2,5.7,50.0
2026-10-06 00:00:00,95.9,0.0,480.6,960.3,937.0,456.4,6.0,50.0
2026-10-06 01:00:00,93.9,0.0,370.1,835.5,812.2,442.1,6.0,50.0
2026-10-06 02:00:00,79.9,0.0,454.5,910.9,1293.1,684.0,6.0,50.0
2026-10-06 03:00:00,92.0,0.0,439.8,893.1,624.7,184.9,5.5,196.9
2026-10-06 04:00:00,96.0,0.0,454.9,911.3,1113.4,658.5,6.0,196.9
2026-10-06 05:00:00,99.7,0.0,495.2,960.6,1293.1,798.0,5.5,196.9
2026-10-06 06:00:00,95.0,0.0,1259.4,1879.1,1293.1,33.8,4.8,196.9
2026-10-06 07:00:00,107.0,86.5,904.2,1456.0,1293.1,615.0,6.0,196.9
2026-10-06 08:00:00,105.6,235.5,882.5,1307.0,1283.7,636.7,6.0,50.0
2026-10-06 09:00:00,100.6,405.6,982.7,1260.4,1237.0,660.0,6.0,50.0
2026-10-06 10:00:00,99.2,569.6,909.4,1046.4,1023.1,683.3,6.0,50.0
2026-10-06 11:00:00,72.9,704.6,949.5,973.2,1236.1,900.0,6.0,50.0
2026-10-06 12:00:00,65.2,793.1,983.6,937.4,1293.1,900.0,5.6,136.7
2026-10-06 13:00:00,65.6,823.9,884.2,821.6,1293.1,900.0,5.3,329.2
2026-10-06 14:00:00,60.9,793.1,865.6,842.7,1293.1,900.0,5.0,645.4
2026-10-06 15:00:00,74.3,704.6,960.4,1029.1,1155.8,900.0,4.7,950.0
2026-10-06 16:00:00,89.3,569.6,951.8,1152.5,1282.2,900.0,4.4,950.0
2026-10-06 17:00:00,104.1,405.6,940.2,1295.8,1293.1,758.6,4.1,950.0
2026-10-06 18:00:00,110.7,235.5,951.5,1463.0,1293.1,577.1,4.1,950.0
2026-10-06 19:00:00,125.1,86.5,915.6,1557.4,784.3,0.0,4.5,950.0
2026-10-06 20:00:00,127.6,0.0,889.5,1596.1,1035.4,645.9,5.9,902.8
2026-10-06 21:00:00,99.2,0.0,943.3,1626.7,1293.1,660.0,6.0,376.5
2026-10-06 22:00:00,105.1,0.0,561.1,1081.2,1057.8,496.7,6.0,50.0
2026-10-06 23:00:00,96.9,0.0,354.3,852.6,1293.1,475.0,6.0,50.0
2026-10-07 00:00:00,91.2,0.0,440.2,919.9,1293.1,852.9,6.0,490.7
2026-10-07 01:00:00,107.0,0.0,417.5,882.9,472.3,54.8,5.2,490.7
2026-10-07 02:00:00,99.6,0.0,436.3,892.7,1147.2,433.1,6.0,490.7
2026-10-07 03:00:00,88.1,0.0,380.4,833.8,1293.1,707.1,6.0,754.7
2026-10-07 04:00:00,96.7,0.0,393.7,850.1,1293.1,899.5,5.4,950.0
2026-10-07 05:00:00,102.5,0.0,380.0,845.4,1280.0,900.0,4.5,950.0
2026-10-07 06:00:00,103.0,0.0,1164.5,1784.2,1293.1,128.6,3.6,950.0
2026-10-07 07:00:00,113.9,53.2,957.8,1542.9,1293.1,388.5,4.6,950.0
2026-10-07 08:00:00,111.1,144.9,918.7,1433.8,1293.1,519.4,5.1,950.0
2026-10-07 09:00:00,109.5,249.6,964.2,1397.9,1293.1,578.5,5.4,950.0
2026-10-07 10:00:00,101.5,350.6,963.6,1319.7,1293.1,680.1,5.6,950.0
2026-10-07 11:00:00,73.7,433.7,1031.0,1325.7,1293.1,695.8,5.6,950.0
2026-10-07 12:00:00,66.6,488.1,894.3,1153.1,1293.1,887.0,5.6,950.0
2026-10-07 13:00:00,57.5,507.1,985.5,1239.7,1293.1,814.7,5.3,950.0
2026-10-07 14:00:00,65.1,488.1,946.4,1228.5,1293.1,834.8,5.1,950.0
2026-10-07 15:00:00,67.9,433.7,949.4,1289.1,1293.1,777.4,5.0,950.0
2026-10-07 16:00:00,85.1,350.6,892.0,1311.7,1293.1,751.7,5.0,950.0
2026-10-07 17:00:00,102.6,249.6,931.6,1443.2,1293.1,611.2,5.0,950.0
2026-10-07 18:00:00,123.4,144.9,979.7,1581.8,1293.1,458.3,5.2,950.0
2026-10-07 19:00:00,131.5,53.2,946.7,1621.8,1293.1,606.0,5.8,950.0
2026-10-07 20:00:00,111.5,0.0,953.2,1659.9,1293.1,683.3,6.0,732.8
2026-10-07 21:00:00,103.7,0.0,938.4,1621.7,1293.1,660.0,6.0,371.3
2026-10-07 22:00:00,103.8,0.0,646.2,1166.2,1142.9,496.7,6.0,50.0
2026-10-07 23:00:00,84.3,0.0,419.1,917.5,1293.1,475.0,6.0,50.0
2026-10-08 00:00:00,92.2,0.0,332.0,811.7,1293.1,461.1,6.0,429.0
2026-10-08 01:00:00,94.4,0.0,392.3,857.7,1293.1,852.4,6.0,904.0
2026-10-08 02:00:00,102.6,0.0,341.2,797.6,1145.5,804.2,5.2,950.0
2026-10-08 03:00:00,99.4,0.0,289.9,743.3,1189.9,900.0,4.4,950.0
2026-10-08 04:00:00,94.3,0.0,398.8,855.2,1293.1,894.3,3.5,950.0
2026-10-08 05:00:00,96.8,0.0,473.3,938.7,1293.1,819.8,2.7,950.0
2026-10-08 06:00:00,102.7,0.0,1201.9,1821.6,1293.1,91.2,2.0,950.0
2026-10-08 07:00:00,119.0,44.2,903.1,1497.2,1293.1,434.3,3.1,950.0
2026-10-08 08:00:00,108.9,120.4,912.4,1452.0,1293.1,501.2,3.5,950.0
2026-10-08 09:00:00,103.7,207.5,995.2,1471.1,1293.1,505.4,3.9,950.0
2026-10-08 10:00:00,95.0,291.3,956.3,1371.6,1293.1,628.2,4.2,950.0
2026-10-08 11:00:00,77.1,360.4,951.9,1319.8,1293.1,701.6,4.4,950.0
2026-10-08 12:00:00,64.2,405.7,947.9,1289.2,1293.1,750.9,4.4,950.0
2026-10-08 13:00:00,53.6,421.4,951.5,1291.4,1293.1,763.0,4.4,950.0
2026-10-08 14:00:00,64.3,405.7,982.2,1346.8,1293.1,716.6,4.4,950.0
2026-10-08 15:00:00,72.3,360.4,972.1,1385.0,1293.1,681.4,4.5,950.0
2026-10-08 16:00:00,95.6,291.3,958.6,1437.6,1293.1,625.8,4.7,950.0
2026-10-08 17:00:00,107.7,207.5,908.3,1462.1,1293.1,592.3,4.9,950.0
2026-10-08 18:00:00,117.9,120.4,970.4,1597.0,1293.1,443.1,5.2,950.0
2026-10-08 19:00:00,128.6,44.2,922.6,1606.7,1293.1,619.8,5.8,950.0
2026-10-08 20:00:00,117.4,0.0,993.8,1700.4,1293.1,683.3,6.0,734.2
2026-10-08 21:00:00,114.8,0.0,899.2,1582.5,1293.1,660.0,6.0,330.0
2026-10-08 22:00:00,99.9,0.0,594.5,1114.5,1091.2,496.7,6.0,50.0
2026-10-08 23:00:00,99.7,0.0,419.7,918.0,894.7,475.0,6.0,50.0
2026-10-09 00:00:00,87.3,0.0,367.0,846.7,1293.1,573.2,6.0,50.0
2026-10-09 01:00:00,97.1,0.0,488.9,954.3,816.8,327.9,5.8,385.3
2026-10-09 02:00:00,84.9,0.0,478.4,934.8,1293.1,433.1,6.0,385.3
2026-10-09 03:00:00,83.1,0.0,401.5,854.8,1293.1,678.9,6.0,747.8
2026-10-09 04:00:00,94.4,0.0,450.9,907.3,1293.1,842.3,5.5,950.0
2026-10-09 05:00:00,93.6,0.0,435.1,900.5,1293.1,858.0,4.7,950.0
2026-10-09 06:00:00,105.1,0.0,1095.5,1715.2,1293.1,197.7,3.9,950.0
2026-10-09 07:00:00,123.3,70.0,960.0,1528.3,390.0,0.0,4.7,950.0
2026-10-09 08:00:00,106.5,190.6,947.5,1417.0,1293.1,636.7,6.0,423.7
2026-10-09 09:00:00,101.8,328.3,953.3,1308.3,1285.0,660.0,6.0,317.9
2026-10-09 10:00:00,94.1,461.0,906.9,1152.5,1129.2,683.3,6.0,317.9
2026-10-09 11:00:00,80.7,570.3,939.2,1097.2,1293.1,705.0,6.0,317.9
2026-10-09 12:00:00,64.3,642.0,942.9,1047.9,1293.1,723.6,6.0,526.1
2026-10-09 13:00:00,59.1,666.9,997.5,1091.9,1293.1,870.3,6.0,781.3
2026-10-09 14:00:00,68.6,642.0,963.4,1091.7,1293.1,900.0,5.7,868.9
2026-10-09 15:00:00,78.1,570.3,949.8,1152.8,1293.1,900.0,5.4,937.0
2026-10-09 16:00:00,82.4,461.0,1011.2,1320.4,1293.1,743.0,5.1,950.0
2026-10-09 17:00:00,103.3,328.3,927.8,1360.7,1293.1,693.7,5.2,950.0
2026-10-09 18:00:00,118.2,190.6,934.4,1490.8,1243.4,499.5,5.3,950.0
2026-10-09 19:00:00,118.3,70.0,877.3,1535.7,1293.1,582.4,5.7,950.0
2026-10-09 20:00:00,121.0,0.0,1012.8,1719.4,1293.1,683.3,6.0,848.3
2026-10-09 21:00:00,103.3,0.0,988.6,1671.9,1293.1,660.0,6.0,424.2
2026-10-09 22:00:00,105.8,0.0,636.7,1156.7,1133.4,496.7,6.0,50.0
2026-10-09 23:00:00,97.4,0.0,446.8,945.1,921.8,475.0,6.0,50.0
2026-10-10 00:00:00,80.5,0.0,424.4,904.1,880.8,456.4,6.0,50.0
2026-10-10 01:00:00,76.5,0.0,428.6,894.0,1293.1,442.1,6.0,50.0
2026-10-10 02:00:00,79.3,0.0,409.9,866.3,936.4,433.1,6.0,451.3
2026-10-10 03:00:00,68.3,0.0,411.9,865.2,1293.1,833.1,6.0,540.1
2026-10-10 04:00:00,74.5,0.0,422.2,878.6,1293.1,871.0,5.2,585.9
2026-10-10 05:00:00,86.2,0.0,480.5,945.9,1293.1,812.7,4.3,585.9
2026-10-10 06:00:00,76.4,0.0,1222.2,1841.9,1293.1,70.9,3.6,585.9
2026-10-10 07:00:00,99.9,96.0,947.7,1490.0,351.7,0.0,4.7,585.9
2026-10-10 08:00:00,86.0,261.3,926.8,1325.5,1293.1,636.7,6.0,59.6
2026-10-10 09:00:00,95.0,450.1,924.6,1157.8,1134.5,660.0,6.0,50.0
2026-10-10 10:00:00,72.8,632.1,1014.1,1088.6,1065.3,683.3,6.0,50.0
2026-10-10 11:00:00,67.5,781.9,970.3,916.7,1088.3,900.0,6.0,50.0
2026-10-10 12:00:00,51.2,880.2,952.7,819.5,1293.1,900.0,5.6,50.0
2026-10-10 13:00:00,36.1,914.3,936.2,783.1,1293.1,900.0,5.3,354.6
2026-10-10 14:00:00,56.9,880.2,905.6,795.7,1180.9,900.0,5.0,707.3
2026-10-10 15:00:00,68.6,781.9,947.3,938.7,1065.4,900.0,4.7,950.0
2026-10-10 16:00:00,73.2,632.1,984.9,1123.1,1252.9,900.0,4.4,950.0
2026-10-10 17:00:00,87.1,450.1,934.3,1245.4,1293.1,809.0,4.1,950.0
2026-10-10 18:00:00,102.1,261.3,940.9,1426.6,679.6,0.0,4.0,950.0
2026-10-10 19:00:00,103.8,96.0,941.2,1573.5,1293.1,549.8,5.5,950.0
2026-10-10 20:00:00,111.1,0.0,954.4,1661.0,1066.9,612.5,5.9,842.8
2026-10-10 21:00:00,90.2,0.0,886.3,1569.6,1293.1,660.0,6.0,316.5
2026-10-10 22:00:00,84.7,0.0,590.6,1110.6,1087.3,496.7,6.0,50.0
2026-10-10 23:00:00,76.5,0.0,385.8,884.2,860.8,475.0,6.0,50.0
2026-10-11 00:00:00,76.2,0.0,380.0,859.7,836.4,456.4,6.0,50.0
2026-10-11 01:00:00,72.3,0.0,380.0,845.4,1293.1,885.5,6.0,50.0
2026-10-11 02:00:00,87.6,0.0,380.0,836.4,380.0,0.0,5.1,76.3
2026-10-11 03:00:00,79.4,0.0,380.0,833.3,1253.4,873.4,6.0,76.3
2026-10-11 04:00:00,87.0,0.0,380.0,836.4,380.0,0.0,5.1,76.3
2026-10-11 05:00:00,84.1,0.0,380.0,845.4,822.1,442.1,6.0,76.3
2026-10-11 06:00:00,85.0,0.0,380.0,859.7,1280.0,900.0,6.0,76.3
2026-10-11 07:00:00,92.9,99.7,380.0,778.6,322.0,41.7,5.1,76.3
2026-10-11 08:00:00,93.1,271.6,380.0,628.4,580.2,496.7,6.0,76.3
2026-10-11 09:00:00,90.5,467.8,380.0,455.5,432.2,520.0,6.0,50.0
2026-10-11 10:00:00,75.6,656.9,380.0,289.7,266.4,543.3,6.0,50.0
2026-10-11 11:00:00,61.0,812.7,380.0,155.7,467.3,900.0,6.0,50.0
2026-10-11 12:00:00,42.1,914.8,380.0,72.2,812.6,900.0,5.3,50.0
2026-10-11 13:00:00,40.5,950.3,380.0,51.0,829.7,900.0,4.7,475.0
2026-10-11 14:00:00,59.3,914.8,380.0,95.5,365.2,900.0,4.1,950.0
2026-10-11 15:00:00,56.0,812.7,380.0,200.7,467.3,900.0,3.6,950.0
2026-10-11 16:00:00,67.3,656.9,380.0,353.3,623.1,900.0,3.1,950.0
2026-10-11 17:00:00,90.8,467.8,380.0,533.4,17.4,105.2,2.6,950.0
2026-10-11 18:00:00,111.5,271.6,380.0,715.4,0.0,0.0,3.6,950.0
2026-10-11 19:00:00,100.9,99.7,380.0,868.6,280.3,0.0,4.8,835.9
2026-10-11 20:00:00,103.2,0.0,380.0,946.6,923.3,543.3,6.0,835.9
2026-10-11 21:00:00,89.7,0.0,380.0,923.3,900.0,520.0,6.0,835.9
2026-10-11 22:00:00,74.4,0.0,380.0,900.0,1293.1,793.0,6.0,835.9
2026-10-11 23:00:00,85.6,0.0,380.0,878.3,1280.0,900.0,5.4,950.0
